{
	"info": {
		"_postman_id": "30f9579e-032b-44eb-9952-66c2dc90d1b2",
		"name": "Highscores",
		"schema": "https://schema.getpostman.com/json/collection/v2.1.0/collection.json"
	},
	"item": [
		{
			"name": "Get all games",
			"request": {
				"method": "GET",
				"header": [],
				"url": null
			},
			"response": []
		},
		{
			"name": "Post lunar lander high score",
			"request": {
				"method": "POST",
				"header": [
					{
						"key": "Content-Type",
						"value": "application/json",
						"type": "text"
					}
				],
				"body": {
					"mode": "raw",
					"raw": "{\"name\": \"Mark\", \"score\": 99}"
				},
				"url": {
					"raw": "http://127.0.0.1:5000/highscores/lunarlander",
					"protocol": "http",
					"host": [
						"127",
						"0",
						"0",
						"1"
					],
					"port": "5000",
					"path": [
						"highscores",
						"lunarlander"
					],
					"query": [
						{
							"key": "name",
							"value": "Mark",
							"disabled": true
						},
						{
							"key": "score",
							"value": "100",
							"disabled": true
						}
					]
				}
			},
			"response": []
		},
		{
			"name": "Lunar lander scores",
			"request": {
				"method": "GET",
				"header": [],
				"url": null
			},
			"response": []
		}
	]
}
